{
  "FIL": {
    "degree": 4,
    "coeff_power": [
      -2.7904642890484777e-11,
      1.6209529861139963e-08,
      -2.0886185231352588e-05,
      0.016725200064759783,
      -0.012182166037904877
    ],
    "domain": {
      "x_min": 0.0,
      "x_max": 300.0,
      "y_min": 0.0,
      "y_max": 3.5
    },
    "swap_xy": false,
    "status": "ok"
  },
  "FIV": {
    "degree": 6,
    "coeff_power": [
      -7.13070921804423e-15,
      7.132255787676867e-12,
      -2.8190940021894673e-09,
      5.642216975192566e-07,
      -6.288083942930885e-05,
      0.0054038686594304365,
      2.5856846476091166
    ],
    "domain": {
      "x_min": 2.5,
      "x_max": 3.1,
      "y_min": 0.0,
      "y_max": 300.0
    },
    "swap_xy": true,
    "status": "ok"
  },
  "FTL": {
    "degree": 5,
    "coeff_power": [
      1.9202810945920078e-11,
      -7.633034270263988e-09,
      1.1678226505222596e-06,
      -8.839894448086155e-05,
      0.0023058779269332194,
      0.9692451545718125
    ],
    "domain": {
      "x_min": 25,
      "x_max": 125,
      "y_min": 0.0,
      "y_max": 1.0
    },
    "swap_xy": false,
    "status": "ok"
  },
  "FTV": {
    "degree": 5,
    "coeff_power": [
      5.291757130574912e-11,
      -2.3090037795385532e-08,
      3.935147258045334e-06,
      -0.0003259167717316175,
      0.012653374888448539,
      0.814758326398188
    ],
    "domain": {
      "x_min": 25,
      "x_max": 125,
      "y_min": 0.0,
      "y_max": 1.0
    },
    "swap_xy": false,
    "status": "ok"
  }
}