{
  "part_no": "STW8A2PD-H0",
  "pdf_sha1": "2f83205efbeb84de84d527e7d2063e7651a3d8ad",
  "meta": {
    "degree_used": {
      "FIV": null,
      "FIL": 6,
      "FTV": null,
      "FTL": null
    },
    "metrics": {
      "FIV": {},
      "FIL": {
        "r2": 0.5873940524340993,
        "rmse": 0.4192233494636858,
        "max_rel_err": 1.9669392310297367,
        "endpoint_err": 0.5528976294164023
      },
      "FTV": {},
      "FTL": {}
    },
    "status": {
      "FIV": "missing",
      "FIL": "fail",
      "FTV": "missing",
      "FTL": "missing"
    },
    "chart_meta": {
      "FIL": {
        "page_index": 6,
        "axis_map": {
          "x_min": 0.0,
          "x_max": 300.0,
          "y_min": 0.0,
          "y_max": 3.5,
          "x_unit": "mA",
          "y_unit": "relative"
        }
      }
    }
  },
  "FIV_0": 0.0,
  "FIV_1": 0.0,
  "FIV_2": 0.0,
  "FIV_3": 0.0,
  "FIV_4": 0.0,
  "FIV_5": 0.0,
  "FIV_6": 0.0,
  "FIL_0": 4.356895007930972,
  "FIL_1": -0.027293886744149686,
  "FIL_2": -0.0003557426542764,
  "FIL_3": 1.0901058042491196e-05,
  "FIL_4": -8.949567022844885e-08,
  "FIL_5": 2.982938223720846e-10,
  "FIL_6": -3.508719597558456e-13,
  "FTV_0": 0.0,
  "FTV_1": 0.0,
  "FTV_2": 0.0,
  "FTV_3": 0.0,
  "FTV_4": 0.0,
  "FTV_5": 0.0,
  "FTV_6": 0.0,
  "FTL_0": 0.0,
  "FTL_1": 0.0,
  "FTL_2": 0.0,
  "FTL_3": 0.0,
  "FTL_4": 0.0,
  "FTL_5": 0.0,
  "FTL_6": 0.0
}