{
  "degree_used": 6,
  "coeff_power": [
    4.356895007930972,
    -0.027293886744149686,
    -0.0003557426542764,
    1.0901058042491196e-05,
    -8.949567022844885e-08,
    2.982938223720846e-10,
    -3.508719597558456e-13
  ],
  "metrics": {
    "r2": 0.5873940524340993,
    "rmse": 0.4192233494636858,
    "max_rel_err": 1.9669392310297367,
    "endpoint_err": 0.5528976294164023
  },
  "status": "fail"
}